Impressions,From Home,From Hashtags,From Explore,From Other,Saves,Comments,Shares,Likes,Profile Visits,Follows,Caption,Hashtags
3920.0,2586.0,1028.0,619.0,56,98,9,5.0,162.0,35.0,2,Here are some of the most important data visualizations that every Financial Data Analyst/Scientist should know.,#finance #money #business #investing #investment #trading #stockmarket #data #datascience #dataanalysis #dataanalytics #datascientist #machinelearning #python #pythonprogramming #pythonprojects #pythoncode #artificialintelligence #ai #dataanalyst #amankharwal #thecleverprogrammer
5394.0,2727.0,1838.0,1174.0,78,194,7,14.0,224.0,48.0,10,Here are some of the best data science project ideas on healthcare. If you want to become a data science professional in the healthcare domain then you must try to work on these projects.,#healthcare #health #covid #data #datascience #dataanalysis #dataanalytics #datascientist #machinelearning #python #pythonprogramming #pythonprojects #pythoncode #artificialintelligence #ai #dataanalyst #amankharwal #thecleverprogrammer
4021.0,2085.0,1188.0,0.0,433,41,11,1.0,131.0,62.0,12,Learn how to train a machine learning model and giving inputs to your trained model to make predictions using Python.,#data #datascience #dataanalysis #dataanalytics #datascientist #machinelearning #python #pythonprogramming #pythonprojects #pythoncode #artificialintelligence #ai #deeplearning #machinelearningprojects #datascienceprojects #amankharwal #thecleverprogrammer #machinelearningmodels
4528.0,2700.0,621.0,932.0,73,172,10,7.0,213.0,23.0,8,Heres how you can write a Python program to detect whether a sentence is a question or not. The idea here is to find the words that we see in the beginning of a question in the beginning of a sentence.,#python #pythonprogramming #pythonprojects #pythoncode #pythonlearning #pythondeveloper #pythoncoding #pythonprogrammer #amankharwal #thecleverprogrammer #pythonprojects
2518.0,1704.0,255.0,279.0,37,96,5,4.0,123.0,8.0,0,Plotting annotations while visualizing your data is considered good practice to make the graphs self-explanatory. Here is an example of how you can annotate a graph using Python.,#datavisualization #datascience #data #dataanalytics #machinelearning #dataanalysis #artificialintelligence #python #datascientist #bigdata #deeplearning #dataviz #ai #analytics #technology #dataanalyst #programming #pythonprogramming #statistics #coding #businessintelligence #datamining #tech #business #computerscience #tableau #database #thecleverprogrammer #amankharwal
3884.0,2046.0,1214.0,329.0,43,74,7,10.0,144.0,9.0,2,Here are some of the most important soft skills that every data scientist should have.,#data #datascience #dataanalysis #dataanalytics #datascientist #machinelearning #python #pythonprogramming #pythonprojects #pythoncode #artificialintelligence #ai #deeplearning #algorithm #algorithms #machinelearningalgorithms #ml #amankharwal #thecleverprogrammer #softskills
2621.0,1543.0,599.0,333.0,25,22,5,1.0,76.0,26.0,0,Learn how to analyze a candlestick chart as a data scientist or a financial analyst. I hope this resource will help you to invest and analyze stock markets.,#stockmarket #investing #stocks #trading #money #investment #finance #forex #datavisualization #datascience #data #dataanalytics #machinelearning #dataanalysis #ai #candlestick #candlestickcharts
3541.0,2071.0,628.0,500.0,60,135,4,9.0,124.0,12.0,6,Here are some of the best books that you can follow to learn Python from scratch.,#python #pythonprogramming #pythonprojects #pythoncode #pythonlearning #pythondeveloper #pythoncoding #pythonprogrammer #amankharwal #thecleverprogrammer #pythonprojects #pythonbooks #bookstagram
3749.0,2384.0,857.0,248.0,49,155,6,8.0,159.0,36.0,4,Here are some of the best data analysis project ideas that you should try and show on your resume. These projects will help you to show your data analysis skills.,#dataanalytics #datascience #data #machinelearning #datavisualization #bigdata #artificialintelligence #datascientist #python #analytics #ai #dataanalysis #deeplearning #technology #programming #coding #dataanalyst #business #pythonprogramming #datamining #tech #businessintelligence #database #computerscience #statistics #powerbi #dataanalysisprojects #businessanalytics #thecleverprogrammer #amankharwal
4115.0,2609.0,1104.0,178.0,46,122,6,3.0,191.0,31.0,6,Here are two best ways to count the number of letters in a string using Python.,#python #pythonprogramming #pythonprojects #pythoncode #pythonlearning #pythondeveloper #pythoncoding #pythonprogrammer #amankharwal #thecleverprogrammer #pythonprojects
2218.0,1597.0,411.0,162.0,15,28,6,3.0,81.0,29.0,4,Learn the implementation of AlexNet Convolutional Neural Network using Python. Link in Bio,#neuralnetwork #machinelearning #artificialintelligence #deeplearning #python #ai #datascience #neuralnetworks #programming #tensorflow #datascientist #pythonprogramming #tech #technology #artificialintelligenceai #machinelearningalgorithms #computerscience #coding #ml #data #amankharwal #thecleverprogrammer #alexnet
3234.0,2414.0,476.0,185.0,75,122,8,14.0,151.0,15.0,0,Heres how to get the live stock price data of any company by using the Python programming language.,#python #pythonprogramming #pythonprojects #pythoncode #pythonlearning #pythondeveloper #pythoncoding #pythonprogrammer #amankharwal #thecleverprogrammer #pythonprojects
4344.0,2168.0,1274.0,673.0,40,119,7,11.0,162.0,8.0,2,"Here are some of the most important Python libraries for data science. If you know the fundamentals of all these Python libraries, you can work on any kind of data science problem.",#data #datascience #dataanalysis #dataanalytics #datascientist #machinelearning #python #pythonprogramming #pythonprojects #pythoncode #artificialintelligence #ai #deeplearning #algorithm #algorithms #machinelearningalgorithms #ml #amankharwal #thecleverprogrammer
3216.0,2524.0,212.0,201.0,223,121,5,5.0,142.0,20.0,4,Heres how to visualize an interactive candlestick chart using Python.,#stockmarket #investing #stocks #trading #money #investment #finance #forex #datavisualization #datascience #data #dataanalytics #machinelearning #dataanalysis #ai #candlestick #candlestickcharts #amankharwal #thecleverprogrammer
9453.0,2525.0,4819.75,208.0,433,100,6,10.0,294.0,82.5,39,Omicron Variant Sentiment Analysis using Python: Link in Bio,#data #datascience #dataanalysis #dataanalytics #datascientist #machinelearning #python #pythonprogramming #pythonprojects #pythoncode #artificialintelligence #ai #deeplearning #sentimentanalysis #sentiment #nlp #naturallanguageprocessing #amankharwal #thecleverprogrammer
5055.0,2017.0,2351.0,298.0,108,101,7,11.0,159.0,17.0,6,"In Data Science, Time Series Analysis is a method of analyzing data collected over an interval of time. Stock price data and covid-19 cases data are examples of time-series data. Time Series Analysis helps understand the underlying causes of trends and patterns at particular time intervals. So it is one of the topics that every data scientist should know perfectly. So if you are looking for some of the best books to learn Time Series Analysis, you can choose any one among these books.",#timeseries #time #statistics #datascience #bigdata #machinelearning #python #ai #timeseriesanalysis #datavisualization #dataanalytics #data #iot #analysis #timeseriesmalaysia #artificialintelligence #analytics #amankharwal #thecleverprogrammer
4002.0,3401.0,278.0,128.0,73,111,14,18.0,205.0,16.0,2,"Here are some of the highest paying skills in 2022 that you should start learning today. These skills do not require you to come from a specific education background. If you are passionate about learning any of these skills, then you can easily find so many free resources on the internet. If you dont know how to find free resources to learn these skills, feel free to reach me @aman.kharwal, I will be happy to guide you.",#career #job #jobs #jobsearch #education #business #success #careergoals #motivation #work #careerdevelopment #careers #goals #resume #students #careeradvice #datascience #marketing #digitalmarketing #media #socialmedia #IT #webdevelopment #amankharwal #thecleverprogrammer
3169.0,1979.0,707.0,341.0,32,106,8,1.0,121.0,21.0,2,"In Data Science, Time Series Analysis is a method of analyzing data collected over an interval of time. Stock price data and covid-19 cases data are examples of time-series data. Time Series Analysis helps understand the underlying causes of trends and patterns at particular time intervals. So it is one of the topics that every data scientist should know perfectly. So if you are looking for some of the best data science project ideas on Time Series Analysis, you should try to work on these projects.",#timeseries #time #statistics #datascience #bigdata #machinelearning #python #ai #timeseriesanalysis #datavisualization #dataanalytics #data #iot #analysis #timeseriesmalaysia #artificialintelligence #analytics #amankharwal #thecleverprogrammer
6168.0,2177.0,3450.0,153.0,296,82,6,6.0,151.0,77.0,30,"Stress, anxiety, and depression are threatening the mental health of people. Every person has a reason for having a stressful life. People often share their feelings on social media platforms like on Instagram in the form of posts and stories, and on Reddit in the form of asking for suggestions about their life on subreddits. In the past few years, many content creators have come forward to create content to help people with their mental health. Many organizations can use stress detection to find which social media users are stressed to help them quickly. So if you want to learn how to use machine learning to detect stress on social media posts, this data science project is for you. Detection of stress from social media posts with machine learning using Python: Link in Bio.",#data #datascience #dataanalysis #dataanalytics #datascientist #machinelearning #python #pythonprogramming #pythonprojects #pythoncode #artificialintelligence #ai #deeplearning #machinelearningprojects #datascienceprojects #amankharwal #thecleverprogrammer #machinelearningmodels #stress #stressdetection
2407.0,1338.0,655.0,276.0,39,40,8,20.0,72.0,10.0,0,Data Science Use Cases: Heres how Zomato is using your data for its future business model.,#data #datascience #dataanalysis #dataanalytics #datascientist #machinelearning #python #pythonprogramming #pythonprojects #pythoncode #artificialintelligence #ai #deeplearning #machinelearningprojects #datascienceprojects #amankharwal #thecleverprogrammer #machinelearningmodels #zomato #business #casestudy #businessmodel
2064.0,1304.0,362.0,249.0,37,49,4,5.0,76.0,9.0,0,"A boxplot is a statistical data visualization technique for analyzing the distribution and patterns of numerical data points of a dataset. It represents quartile 1, quartile 3, median, maximum and minimum data points of a feature which helps to understand the distribution of the numerical values of a dataset. Heres how to analyze box plots as a Data Scientist.",#datavisualization #datascience #data #dataanalytics #machinelearning #dataanalysis #artificialintelligence #python #datascientist #bigdata #deeplearning #dataviz #ai #analytics #technology #dataanalyst #programming #pythonprogramming #statistics #coding #businessintelligence #datamining #tech #business #boxplots #thecleverprogrammer #amankharwal
3973.0,2415.0,745.0,676.0,18,72,3,4.0,91.0,11.0,24,"Activation Functions are functions used in neural networks for calculating the weighted sum of input and biases. It's done to determine if a neuron should be activated or not. What happens is that the input layer receives the training data for training the neural network, the hidden layer is used to do all the calculations which help in finding relationships between the features of the data, and then the output layer gives the results which are controlled by the activation functions. They are placed after the hidden layers to produce the results for the neural network.",#neuralnetwork #machinelearning #artificialintelligence #deeplearning #python #ai #datascience #neuralnetworks #programming #tensorflow #datascientist #pythonprogramming #tech #technology #artificialintelligenceai #machinelearningalgorithms #computerscience #coding #ml #data #amankharwal #thecleverprogrammer
7281.0,3065.0,1254.0,1487.5,433,167,7,9.0,195.0,82.5,39,Learn how to send automatic emails using the Python programming language: Link in bio.,#python #pythonprogramming #pythonprojects #pythoncode #pythonlearning #pythondeveloper #pythoncoding #pythonprogrammer #amankharwal #thecleverprogrammer #pythonprojects
3052.0,2608.0,201.0,121.0,87,63,5,14.0,129.0,14.0,2,Here are all the programming languages that Google uses in the Front-end and the back-end of Google.,#programming #coding #programmer #python #developer #javascript #technology #code #coder #java #html #computerscience #tech #css #webdeveloper #software #webdevelopment #codinglife #softwaredeveloper #linux #programmingmemes #webdesign #programmers #php #programminglife #machinelearning #hacking #pythonprogramming #thecleverprogrammer #amankharwal
4628.0,2406.0,1260.0,861.0,26,144,8,3.0,160.0,10.0,4,"Deep Learning is a subset of machine learning. If you want to become a machine learning engineer, you should know everything about deep learning. If you are looking for some of the best free resources to learn deep learning then here are the two best free resources to learn deep learning.",#deeplearning #machinelearning #artificialintelligence #datascience #ai #python #coding #technology #programming #bigdata #dataanalytics #datascientist #data #computerscience #tech #neuralnetwork #amankharwal #thecleverprogrammer
4082.0,2195.0,1248.0,541.0,36,135,11,5.0,175.0,19.0,6,Deep learning is a subset of machine learning in which we use artificial neural networks to train models to solve complex problems where we need a large amount of data compared to other machine learning algorithms. Here are some of the best deep learning project ideas that you must try.,#deeplearning #machinelearning #artificialintelligence #datascience #ai #python #coding #technology #programming #bigdata #dataanalytics #datascientist #data #computerscience #tech #neuralnetwork #amankharwal #thecleverprogrammer
5394.0,2275.0,2975.0,45.0,65,61,14,6.0,147.0,69.0,6,"You must have heard or invested in any cryptocurrency once in your life. It is a digital medium of exchange that is encrypted and decentralized. If you want to know how to predict the future prices of any cryptocurrency with machine learning, this will help you. Here you will learn how to predict the future prices of bitcoin with machine learning using Python.",#data #datascience #dataanalysis #dataanalytics #datascientist #machinelearning #python #pythonprogramming #pythonprojects #pythoncode #artificialintelligence #ai #deeplearning #machinelearningprojects #datascienceprojects #amankharwal #thecleverprogrammer #bitcoin #cryptocurrency
2766.0,2541.0,116.0,51.0,9,40,10,4.0,114.0,11.0,6,Here are all the programming languages that Facebook uses in the Front-end and the back-end of Facebook.,#programming #coding #programmer #python #developer #javascript #technology #code #coder #java #html #computerscience #tech #css #webdeveloper #software #webdevelopment #codinglife #softwaredeveloper #linux #programmingmemes #webdesign #programmers #php #programminglife #machinelearning #hacking #pythonprogramming #thecleverprogrammer #amankharwal
3924.0,2244.0,1278.0,326.0,34,139,11,3.0,151.0,19.0,2,Here are some of the most popular data science case studies and projects that every data science beginner should try. You can find these case studies and projects with solutions at Kaggle.,#data #datascience #dataanalysis #dataanalytics #datascientist #machinelearning #python #pythonprogramming #pythonprojects #pythoncode #artificialintelligence #ai #deeplearning #algorithm #algorithms #machinelearningalgorithms #ml #amankharwal #thecleverprogrammer #projects #casestudies
3015.0,2034.0,771.0,115.0,41,52,11,4.0,92.0,9.0,2,Heres how Amazon uses your data as an e-commerce platform. I hope this post will help you to understand how Amazon is using data science to improve the quality of its services.,#data #datascience #dataanalysis #dataanalytics #datascientist #machinelearning #python #pythonprogramming #pythonprojects #pythoncode #artificialintelligence #ai #deeplearning #machinelearningprojects #datascienceprojects #amankharwal #thecleverprogrammer #machinelearningmodels #zomato #business #casestudy #businessmodel #amazonfinds
6666.0,1977.0,4604.0,48.0,23,84,9,3.0,214.0,57.0,20,Google Search Analysis is one of the best data analysis project ideas for someone who wants to work as a data analyst in marketing. Here your task is to analyze the search trends on Google. You can learn how to analyze the google search trends by visiting the link in bio.,#data #datascience #dataanalysis #dataanalytics #datascientist #machinelearning #python #pythonprogramming #pythonprojects #pythoncode #artificialintelligence #ai #deeplearning #machinelearningprojects #datascienceprojects #amankharwal #thecleverprogrammer
3854.0,1975.0,1721.0,60.0,43,81,11,15.0,150.0,13.0,2,Here are all the databases that Google uses.,#data #technology #datascience #business #tech #bigdata #dataanalytics #machinelearning #ai #analytics #datavisualization #security #artificialintelligence #cybersecurity #programming #python #software #coding #network #internet #cloud #dataanalysis #innovation #datascientist #database #amankharwal #thecleverprogrammer #google
4355.0,2879.0,139.0,1239.0,32,79,8,4.0,122.0,11.0,4,Here are some of the popular programming languages with their uses.,#programming #coding #programmer #python #developer #javascript #technology #code #coder #java #html #computerscience #tech #css #webdeveloper #software #webdevelopment #codinglife #softwaredeveloper #linux #programmingmemes #webdesign #programmers #php #programminglife #machinelearning #hacking #pythonprogramming #thecleverprogrammer #amankharwal
4343.0,2278.0,1460.0,521.0,27,105,6,3.0,152.0,24.0,8,Natural language processing or NLP is a subfield of artificial intelligence where we build applications to interact with humans. Here is the complete process that you should follow while working on every problem based on natural language processing.,#data #datascience #dataanalysis #dataanalytics #datascientist #machinelearning #python #pythonprogramming #pythonprojects #pythoncode #artificialintelligence #ai #deeplearning #sentimentanalysis #sentiment #nlp #naturallanguageprocessing #amankharwal #thecleverprogrammer
6108.0,2679.0,2803.0,562.0,26,90,7,8.0,196.0,81.0,26,LSTM stands for Long Short Term Memory Networks. It is a type of recurrent neural network that is commonly used for regression and time series forecasting in machine learning. Here you will learn how to use the LSTM Neural Network for the task of Stock Price Prediction using Python.,#neuralnetwork #machinelearning #artificialintelligence #deeplearning #python #ai #datascience #neuralnetworks #programming #tensorflow #datascientist #pythonprogramming #tech #technology #artificialintelligenceai #machinelearningalgorithms #computerscience #coding #ml #data #amankharwal #thecleverprogrammer
2523.0,1659.0,796.0,29.0,21,34,6,0.0,86.0,4.0,2,Tokenization is the first step you should perform after collecting a textual dataset in every problem based on Natural Language Processing. Sentence and Word tokenization are two different strategies of tokenization that you should know.,#data #datascience #dataanalysis #dataanalytics #datascientist #machinelearning #python #pythonprogramming #pythonprojects #pythoncode #artificialintelligence #ai #deeplearning #sentimentanalysis #sentiment #nlp #naturallanguageprocessing #amankharwal #thecleverprogrammer
2327.0,1774.0,435.0,59.0,35,45,3,3.0,85.0,7.0,2,Here are all the databases that are used by Facebook.,#data #technology #datascience #business #tech #bigdata #dataanalytics #machinelearning #ai #analytics #datavisualization #security #artificialintelligence #cybersecurity #programming #python #software #coding #network #internet #cloud #dataanalysis #innovation #datascientist #database #amankharwal #thecleverprogrammer #facebook
3990.0,2123.0,1482.0,332.0,36,98,4,11.0,156.0,14.0,4,Here are some of the best data science project ideas on natural language processing that you should try.,#data #datascience #dataanalysis #dataanalytics #datascientist #machinelearning #python #pythonprogramming #pythonprojects #pythoncode #artificialintelligence #ai #deeplearning #sentimentanalysis #sentiment #nlp #naturallanguageprocessing #amankharwal #thecleverprogrammer
2191.0,1308.0,809.0,45.0,18,35,2,1.0,72.0,18.0,0,Language detection is a natural language processing task where we need to identify the language of a text or document. Here you will learn how to train a machine learning model for language detection using Python.,#data #datascience #dataanalysis #dataanalytics #datascientist #machinelearning #python #pythonprogramming #pythonprojects #pythoncode #artificialintelligence #ai #deeplearning #sentimentanalysis #sentiment #nlp #naturallanguageprocessing #amankharwal #thecleverprogrammer
1941.0,1466.0,411.0,37.0,17,49,6,3.0,82.0,8.0,2,A neural network is a computational structure that connects an input layer to an output layer. Heres how a neural network works.,#neuralnetwork #machinelearning #artificialintelligence #deeplearning #python #ai #datascience #neuralnetworks #programming #tensorflow #datascientist #pythonprogramming #tech #technology #artificialintelligenceai #machinelearningalgorithms #computerscience #coding #ml #data #amankharwal #thecleverprogrammer
10144.5,3144.0,4819.75,564.0,433,252,6,20.0,327.75,82.5,39,280 Machine Learning Projects Solved & Explained using Python programming language: Link in Bio,#data #datascience #dataanalysis #dataanalytics #datascientist #machinelearning #python #pythonprogramming #pythonprojects #pythoncode #artificialintelligence #ai #deeplearning #machinelearningprojects #datascienceprojects #amankharwal #thecleverprogrammer
4998.0,2331.0,2195.0,318.0,75,167,4,13.0,180.0,21.0,8,Here is how you can prepare yourself for your very first data science interview.,#data #datascience #dataanalysis #dataanalytics #datascientist #machinelearning #python #pythonprogramming #pythonprojects #pythoncode #artificialintelligence #ai #deeplearning #machinelearningprojects #datascienceprojects #amankharwal #thecleverprogrammer #interview #datascienceinterview
4289.0,2746.0,869.0,589.0,24,111,8,4.0,150.0,19.0,18,Here is the difference between the process of Deep Learning and Machine Learning.,#data #datascience #dataanalysis #dataanalytics #datascientist #machinelearning #python #pythonprogramming #pythonprojects #pythoncode #artificialintelligence #ai #deeplearning #machinelearningprojects #datascienceprojects #amankharwal #thecleverprogrammer #interview #neuralnetworks
3880.0,2207.0,1109.0,199.0,317,90,4,2.0,127.0,32.0,10,"Each company has its ways of creating an OTP for verification, but most of the companies have their systems programmed to generate a 6-digit random number. So here you will learn the complete process of OTP verification using Python.",#python #pythonprogramming #pythonprojects #pythoncode #pythonlearning #pythondeveloper #pythoncoding #pythonprogrammer #amankharwal #thecleverprogrammer #pythonprojects #otp #otpverification
3786.0,2632.0,616.0,468.0,25,144,9,5.0,167.0,19.0,4,Heres how you can create a QR code by using the Python programming language.,#python #pythonprogramming #pythonprojects #pythoncode #pythonlearning #pythondeveloper #pythoncoding #pythonprogrammer #amankharwal #thecleverprogrammer #pythonprojects #qrcodes
4298.0,3050.0,969.0,181.0,64,263,6,19.0,225.0,21.0,4,Here are some of the best Python project ideas for resume that you can work on as a Python developer.,#python #pythonprogramming #pythonprojects #pythoncode #pythonlearning #pythondeveloper #pythoncoding #pythonprogrammer #amankharwal #thecleverprogrammer #pythonprojects
3630.0,1747.0,1693.0,72.0,86,137,4,10.0,137.0,14.0,4,Here are some of the best data analysis project ideas for resume that you should try.,#data #datascience #dataanalysis #dataanalytics #datascientist #machinelearning #python #pythonprogramming #pythonprojects #pythoncode #artificialintelligence #ai #deeplearning #machinelearningprojects #datascienceprojects #amankharwal #thecleverprogrammer
2826.0,2108.0,583.0,76.0,34,67,3,3.0,114.0,30.0,4,Visualizing data is one of the most valuable skills every Data Scientist and Analyst should have. There are a lot of data visualizations to learn in data science. Here you will find a list of all data visualizations for data science explained using Python.,#dataanalytics #datascience #data #machinelearning #datavisualization #bigdata #artificialintelligence #datascientist #python #analytics #ai #dataanalysis #deeplearning #technology #programming #coding #dataanalyst #business #pythonprogramming #datamining #tech #businessintelligence #database #computerscience #statistics #powerbi #dataanalysisprojects #businessanalytics #thecleverprogrammer #amankharwal
7407.0,2782.0,1938.0,1487.5,226,288,5,15.0,263.0,39.0,18,Here are some of the most important machine learning algorithms that every beginner in machine learning should know.,#data #datascience #dataanalysis #dataanalytics #datascientist #machinelearning #python #pythonprogramming #pythonprojects #pythoncode #artificialintelligence #ai #deeplearning #machinelearningprojects #datascienceprojects #amankharwal #thecleverprogrammer
10144.5,3588.75,3551.0,1487.5,205,325,8,29.25,327.75,42.0,38,Here are some of the best websites that you can follow to learn everything in data science.,#data #datascience #dataanalysis #dataanalytics #datascientist #machinelearning #python #pythonprogramming #pythonprojects #pythoncode #artificialintelligence #ai #deeplearning #machinelearningprojects #datascienceprojects #amankharwal #thecleverprogrammer
2998.0,1945.0,794.0,84.0,139,42,4,1.0,126.0,31.0,10,Time series analysis means analyzing and finding patterns in a time series dataset. A time-series dataset is a sequence of data collected over an interval of time. Here you will learn how to do Time Series Analysis using Python.,#timeseries #time #statistics #datascience #bigdata #machinelearning #python #ai #timeseriesanalysis #datavisualization #dataanalytics #data #iot #analysis #timeseriesmalaysia #artificialintelligence #analytics #amankharwal #thecleverprogrammer
7018.0,2569.0,4221.0,796.0,83,325,9,16.0,236.0,20.0,12,Here are some of the best data sources that you can use to collect data for your data science projects.,#data #datascience #dataanalysis #dataanalytics #datascientist #machinelearning #python #pythonprogramming #pythonprojects #pythoncode #artificialintelligence #ai #deeplearning #machinelearningprojects #datascienceprojects #amankharwal #thecleverprogrammer
2941.0,1716.0,1058.0,84.0,48,48,2,1.0,99.0,12.0,4,"One of the mistakes data science newbies make while working on a machine learning project is that they train a machine learning model, check its accuracy score, and then complete the project. They do not test the performance of the model by giving inputs to the model based on the features they used to train it. Here you will learn how to give inputs to a machine learning model to test its performance.",#data #datascience #dataanalysis #dataanalytics #datascientist #machinelearning #python #pythonprogramming #pythonprojects #pythoncode #artificialintelligence #ai #deeplearning #machinelearningprojects #datascienceprojects #amankharwal #thecleverprogrammer
6432.0,2812.0,2974.0,468.0,72,250,11,8.0,212.0,22.0,4,Here are some of the best data science project ideas for resume that you should try in 2022.,#data #datascience #dataanalysis #dataanalytics #datascientist #machinelearning #python #pythonprogramming #pythonprojects #pythoncode #artificialintelligence #ai #deeplearning #machinelearningprojects #datascienceprojects #amankharwal #thecleverprogrammer
10144.5,3152.0,4819.75,617.0,187,219,13,15.0,297.0,82.5,39,170 Python Projects with Source Code solved and explained for free: Link in Bio,#python #pythonprogramming #pythonprojects #pythoncode #pythonlearning #pythondeveloper #pythoncoding #pythonprogrammer #amankharwal #thecleverprogrammer #pythonprojects
3988.0,2415.0,802.0,545.0,64,118,6,9.0,142.0,13.0,0,Here are some of the most important data visualizations that every data scientist must know.,#datavisualization #datascience #data #dataanalytics #machinelearning #dataanalysis #artificialintelligence #python #datascientist #bigdata #deeplearning #dataviz #ai #analytics #technology #dataanalyst #programming #pythonprogramming #statistics #coding #businessintelligence #datamining #tech #business #computerscience #tableau #database #bigdataanalytics #powerbi
4978.0,2125.0,2249.0,354.0,99,143,9,2.0,186.0,26.0,6,Here are some of the best data science projects ideas based on recommendation systems that you should try.,#recommended #recommendations #recommendationsystem #recommendation #data #datascience #dataanalysis #dataanalytics #datascientist #machinelearning #python #pythonprogramming #pythonprojects #pythoncode #artificialintelligence #ai #amankharwal #thecleverprogrammer
3388.0,1975.0,1018.0,244.0,44,99,1,7.0,112.0,16.0,6,"Variance, covariance, and correlation are statistical measures for finding the relationship between data points in a dataset. Heres the difference between variance, covariance, and correlation that you should know.",#datavisualization #datascience #data #dataanalytics #machinelearning #dataanalysis #artificialintelligence #python #datascientist #bigdata #deeplearning #dataviz #ai #analytics #technology #dataanalyst #programming #pythonprogramming #statistics #amankharwal #thecleverprogrammer
4467.0,1910.0,1880.0,492.0,60,89,3,16.0,149.0,15.0,0,Here are some of the popular applications of data science in finance.,#data #datascience #dataanalysis #dataanalytics #datascientist #machinelearning #python #pythonprogramming #pythonprojects #pythoncode #artificialintelligence #ai #deeplearning #machinelearningprojects #datascienceprojects #amankharwal #thecleverprogrammer #finance #business #money #investing
3246.0,2508.0,166.0,360.0,139,148,5,14.0,132.0,15.0,6,Here are some of the best websites to prepare for coding interviews.,#coding #programming #programmer #python #developer #javascript #code #coder #technology #html #computerscience #codinglife #java #webdeveloper #tech #css #webdevelopment #software #softwaredeveloper #interview #job #codinginterview #amankharwal #thecleverprogrammer
5072.0,1780.0,3090.0,69.0,76,42,7,6.0,115.0,39.0,12,"The introduction of online payment systems has helped a lot in the ease of payments. But, at the same time, it increased in payment frauds. Here you will learn how to detect online payment frauds with machine learning using Python.",#data #datascience #dataanalysis #dataanalytics #datascientist #machinelearning #python #pythonprogramming #pythonprojects #pythoncode #artificialintelligence #ai #deeplearning #machinelearningprojects #datascienceprojects #amankharwal #thecleverprogrammer
6339.0,2190.0,4036.0,48.0,27,171,8,5.0,248.0,21.0,10,Here are some of the best data science project ideas on healthcare. If you want to become a data science professional in the healthcare domain then you must try to work on these projects.,#healthcare #health #covid #data #datascience #dataanalysis #dataanalytics #datascientist #machinelearning #python #pythonprogramming #pythonprojects #pythoncode #artificialintelligence #ai #dataanalyst #amankharwal #thecleverprogrammer
4239.0,1711.0,2429.0,36.0,50,109,2,1.0,178.0,8.0,8,Here are some of the most important tools that I use daily as a Data Scientist/Analyst.,#data #datascience #dataanalysis #dataanalytics #datascientist #machinelearning #python #pythonprogramming #pythonprojects #pythoncode #artificialintelligence #ai #deeplearning #machinelearningprojects #datascienceprojects #amankharwal #thecleverprogrammer
3454.0,1663.0,1284.0,166.0,234,38,0,0.0,107.0,45.0,8,Here you will learn how to visualize the linear regression algorithm in machine learning using Python. Find this complete tutorial from the link in bio??,#data #datascience #dataanalysis #dataanalytics #datascientist #machinelearning #python #pythonprogramming #pythonprojects #pythoncode #artificialintelligence #ai #deeplearning #algorithm #algorithms #machinelearningalgorithms #amankharwal #thecleverprogrammer
7571.0,3588.75,841.0,1487.5,433,325,7,12.0,269.0,50.0,39,Here are some of the very useful Python scripts that you can use to solve real-time problems in your projects.,#python #pythonprogramming #pythonprojects #pythoncode #pythonlearning #pythondeveloper #pythoncoding #pythonprogrammer #amankharwal #thecleverprogrammer
3333.0,1502.0,1423.0,182.0,148,38,3,5.0,96.0,37.0,12,"If you want to know how to predict the future prices of any cryptocurrency with machine learning, this will help you. Here you will learn how to predict the future prices of bitcoin with machine learning using Python.",#data #datascience #dataanalysis #dataanalytics #datascientist #machinelearning #python #pythonprogramming #pythonprojects #pythoncode #artificialintelligence #ai #deeplearning #machinelearningprojects #datascienceprojects #amankharwal #thecleverprogrammer #bitcoin #cryptocurrency
3818.0,2357.0,442.0,250.0,433,116,6,0.0,134.0,25.0,10,"To calculate the execution time of the program, we need to calculate the time taken by the program from its initiation to the final result. Heres how to calculate the execution time of a Python program.",#python #pythonprogramming #pythonprojects #pythoncode #pythonlearning #pythondeveloper #pythoncoding #pythonprogrammer #amankharwal #thecleverprogrammer
10144.5,3152.0,4819.75,623.0,334,225,13,15.0,301.0,82.5,39,170 Python Projects with Source Code solved and explained for free: Link in Bio,#python #pythonprogramming #pythonprojects #pythoncode #pythonlearning #pythondeveloper #pythoncoding #pythonprogrammer #amankharwal #thecleverprogrammer #pythonprojects
5058.0,2125.0,2250.0,362.0,111,144,9,2.0,187.0,26.0,6,Here are some of the best data science projects ideas based on recommendation systems that you should try.,#recommended #recommendations #recommendationsystem #recommendation #data #datascience #dataanalysis #dataanalytics #datascientist #machinelearning #python #pythonprogramming #pythonprojects #pythoncode #artificialintelligence #ai #amankharwal #thecleverprogrammer
3601.0,1570.0,1518.0,174.0,167,51,0,3.0,94.0,48.0,10,One of the most popular use cases of data science is the task of sentiment analysis of product reviews sold on e-commerce platforms. Here you will learn how to analyze the sentiments of Flipkart reviews using Python.,#data #datascience #dataanalysis #dataanalytics #datascientist #machinelearning #python #pythonprogramming #pythonprojects #pythoncode #artificialintelligence #ai #deeplearning #sentimentanalysis #sentiment #nlp #naturallanguageprocessing #amankharwal #thecleverprogrammer #flipkart
3480.0,1975.0,1019.0,245.0,72,104,1,7.0,114.0,16.0,6,"Variance, covariance, and correlation are statistical measures for finding the relationship between data points in a dataset. Heres the difference between variance, covariance, and correlation that you should know.",#datavisualization #datascience #data #dataanalytics #machinelearning #dataanalysis #artificialintelligence #python #datascientist #bigdata #deeplearning #dataviz #ai #analytics #technology #dataanalyst #programming #pythonprogramming #statistics #amankharwal #thecleverprogrammer
3525.0,1323.0,1699.0,182.0,292,33,5,0.0,96.0,26.0,4,You must have seen the news divided into categories when you go to a news website. Here you will learn how to classify news articles with machine learning using Python.,#data #datascience #dataanalysis #dataanalytics #datascientist #machinelearning #python #pythonprogramming #pythonprojects #pythoncode #artificialintelligence #ai #deeplearning #machinelearningprojects #datascienceprojects #amankharwal #thecleverprogrammer #news
3606.0,2509.0,183.0,446.0,300,174,5,15.0,138.0,17.0,12,Here are some of the best websites to prepare for coding interviews.,#coding #programming #programmer #python #developer #javascript #code #coder #technology #html #computerscience #codinglife #java #webdeveloper #tech #css #webdevelopment #software #softwaredeveloper #interview #job #codinginterview #amankharwal #thecleverprogrammer
5542.0,1782.0,3212.0,213.0,168,46,7,6.0,122.0,52.0,16,"The introduction of online payment systems has helped a lot in the ease of payments. But, at the same time, it increased in payment frauds. Here you will learn how to detect online payment frauds with machine learning using Python.",#data #datascience #dataanalysis #dataanalytics #datascientist #machinelearning #python #pythonprogramming #pythonprojects #pythoncode #artificialintelligence #ai #deeplearning #machinelearningprojects #datascienceprojects #amankharwal #thecleverprogrammer
6559.0,2225.0,4041.0,158.0,72,179,8,6.0,257.0,22.0,12,Here are some of the best data science project ideas on healthcare. If you want to become a data science professional in the healthcare domain then you must try to work on these projects.,#healthcare #health #covid #data #datascience #dataanalysis #dataanalytics #datascientist #machinelearning #python #pythonprogramming #pythonprojects #pythoncode #artificialintelligence #ai #dataanalyst #amankharwal #thecleverprogrammer
3623.0,1179.0,1527.0,157.0,433,34,3,0.0,95.0,41.0,8,Learn how to create an interactive language translator using Python: Link in Bio,#python #pythonprogramming #pythonprojects #pythoncode #pythonlearning #pythondeveloper #pythoncoding #pythonprogrammer #amankharwal #thecleverprogrammer #naturallanguageprocessing #nlp
10144.5,2106.0,4819.75,248.0,238,99,9,1.0,244.0,82.5,32,Here is a list of 100+ Machine Learning Algorithms and Models explained using Python that will help you to understand the implementation of all the machine learning algorithms and models in solving real-time business problems. You can find this list of 100+ Machine Learning Algorithms and Models from the link in bio.,#data #datascience #dataanalysis #dataanalytics #datascientist #machinelearning #python #pythonprogramming #pythonprojects #pythoncode #artificialintelligence #ai #deeplearning #algorithm #algorithms #machinelearningalgorithms #amankharwal #thecleverprogrammer
4446.0,2454.0,1590.0,192.0,69,174,6,11.0,190.0,12.0,8,Here are some of the best YouTube channels that you can follow to learn data science.,#data #datascience #dataanalysis #dataanalytics #datascientist #machinelearning #python #pythonprogramming #pythonprojects #pythoncode #artificialintelligence #ai #deeplearning #machinelearningprojects #datascienceprojects #amankharwal #thecleverprogrammer
2957.0,1926.0,349.0,217.0,369,70,4,2.0,118.0,22.0,16,Python program to count the number of capital letters from a file.,#python #pythonprogramming #pythonprojects #pythoncode #pythonlearning #pythondeveloper #pythoncoding #pythonprogrammer #amankharwal #thecleverprogrammer #pythonprogram @codergallery
5538.0,2597.0,2376.0,412.0,63,149,6,6.0,178.0,20.0,6,"Follow these steps to collect your WhatsApp chat data for a data science project. You can use your WhatsApp chat data for Text Analysis, Sentiment Analysis, and many more tasks based on Natural Language Processing.",#data #datascience #dataanalysis #dataanalytics #datascientist #machinelearning #python #pythonprogramming #pythonprojects #pythoncode #artificialintelligence #ai #deeplearning #machinelearningprojects #datascienceprojects #amankharwal #thecleverprogrammer #whatsapp
4681.0,2252.0,1674.0,360.0,308,207,7,12.0,170.0,23.0,10,Here are some of the best resources on the internet to learn machine learning for free.,#data #datascience #dataanalysis #dataanalytics #datascientist #machinelearning #python #pythonprogramming #pythonprojects #pythoncode #artificialintelligence #ai #deeplearning #machinelearningprojects #datascienceprojects #amankharwal #thecleverprogrammer
5273.0,2673.0,2003.0,433.0,114,318,9,22.0,250.0,25.0,10,"Here is a complete roadmap to data science that you can follow to learn data science from scratch. All the resources to learn from are also mentioned here. Swipe>>, Save, and Share.",#data #datascience #dataanalysis #dataanalytics #datascientist #machinelearning #python #pythonprogramming #pythonprojects #pythoncode #artificialintelligence #ai #deeplearning #machinelearningprojects #datascienceprojects #amankharwal #thecleverprogrammer #roadmap
5055.0,2017.0,2351.0,298.0,108,101,7,11.0,159.0,17.0,6,"In Data Science, Time Series Analysis is a method of analyzing data collected over an interval of time. Stock price data and covid-19 cases data are examples of time-series data. Time Series Analysis helps understand the underlying causes of trends and patterns at particular time intervals. So it is one of the topics that every data scientist should know perfectly. So if you are looking for some of the best books to learn Time Series Analysis, you can choose any one among these books.",#timeseries #time #statistics #datascience #bigdata #machinelearning #python #ai #timeseriesanalysis #datavisualization #dataanalytics #data #iot #analysis #timeseriesmalaysia #artificialintelligence #analytics #amankharwal #thecleverprogrammer
4002.0,3401.0,278.0,128.0,73,111,14,18.0,205.0,16.0,2,"Here are some of the highest paying skills in 2022 that you should start learning today. These skills do not require you to come from a specific education background. If you are passionate about learning any of these skills, then you can easily find so many free resources on the internet. If you dont know how to find free resources to learn these skills, feel free to reach me @aman.kharwal, I will be happy to guide you.",#career #job #jobs #jobsearch #education #business #success #careergoals #motivation #work #careerdevelopment #careers #goals #resume #students #careeradvice #datascience #marketing #digitalmarketing #media #socialmedia #IT #webdevelopment #amankharwal #thecleverprogrammer
3169.0,1979.0,707.0,341.0,32,106,8,1.0,121.0,21.0,2,"In Data Science, Time Series Analysis is a method of analyzing data collected over an interval of time. Stock price data and covid-19 cases data are examples of time-series data. Time Series Analysis helps understand the underlying causes of trends and patterns at particular time intervals. So it is one of the topics that every data scientist should know perfectly. So if you are looking for some of the best data science project ideas on Time Series Analysis, you should try to work on these projects.",#timeseries #time #statistics #datascience #bigdata #machinelearning #python #ai #timeseriesanalysis #datavisualization #dataanalytics #data #iot #analysis #timeseriesmalaysia #artificialintelligence #analytics #amankharwal #thecleverprogrammer
6168.0,2177.0,3450.0,153.0,296,82,6,6.0,151.0,77.0,30,"Stress, anxiety, and depression are threatening the mental health of people. Every person has a reason for having a stressful life. People often share their feelings on social media platforms like on Instagram in the form of posts and stories, and on Reddit in the form of asking for suggestions about their life on subreddits. In the past few years, many content creators have come forward to create content to help people with their mental health. Many organizations can use stress detection to find which social media users are stressed to help them quickly. So if you want to learn how to use machine learning to detect stress on social media posts, this data science project is for you. Detection of stress from social media posts with machine learning using Python: Link in Bio.",#data #datascience #dataanalysis #dataanalytics #datascientist #machinelearning #python #pythonprogramming #pythonprojects #pythoncode #artificialintelligence #ai #deeplearning #machinelearningprojects #datascienceprojects #amankharwal #thecleverprogrammer #machinelearningmodels #stress #stressdetection
2407.0,1338.0,655.0,276.0,39,40,8,20.0,72.0,10.0,0,Data Science Use Cases: Heres how Zomato is using your data for its future business model.,#data #datascience #dataanalysis #dataanalytics #datascientist #machinelearning #python #pythonprogramming #pythonprojects #pythoncode #artificialintelligence #ai #deeplearning #machinelearningprojects #datascienceprojects #amankharwal #thecleverprogrammer #machinelearningmodels #zomato #business #casestudy #businessmodel
3630.0,1747.0,1693.0,72.0,86,137,4,10.0,137.0,14.0,4,Here are some of the best data analysis project ideas for resume that you should try.,#data #datascience #dataanalysis #dataanalytics #datascientist #machinelearning #python #pythonprogramming #pythonprojects #pythoncode #artificialintelligence #ai #deeplearning #machinelearningprojects #datascienceprojects #amankharwal #thecleverprogrammer
2826.0,2108.0,583.0,76.0,34,67,3,3.0,114.0,30.0,4,Visualizing data is one of the most valuable skills every Data Scientist and Analyst should have. There are a lot of data visualizations to learn in data science. Here you will find a list of all data visualizations for data science explained using Python.,#dataanalytics #datascience #data #machinelearning #datavisualization #bigdata #artificialintelligence #datascientist #python #analytics #ai #dataanalysis #deeplearning #technology #programming #coding #dataanalyst #business #pythonprogramming #datamining #tech #businessintelligence #database #computerscience #statistics #powerbi #dataanalysisprojects #businessanalytics #thecleverprogrammer #amankharwal
7407.0,2782.0,1938.0,1487.5,226,288,5,15.0,263.0,39.0,18,Here are some of the most important machine learning algorithms that every beginner in machine learning should know.,#data #datascience #dataanalysis #dataanalytics #datascientist #machinelearning #python #pythonprogramming #pythonprojects #pythoncode #artificialintelligence #ai #deeplearning #machinelearningprojects #datascienceprojects #amankharwal #thecleverprogrammer
10144.5,3588.75,3551.0,1487.5,205,325,8,29.25,327.75,42.0,38,Here are some of the best websites that you can follow to learn everything in data science.,#data #datascience #dataanalysis #dataanalytics #datascientist #machinelearning #python #pythonprogramming #pythonprojects #pythoncode #artificialintelligence #ai #deeplearning #machinelearningprojects #datascienceprojects #amankharwal #thecleverprogrammer
2998.0,1945.0,794.0,84.0,139,42,4,1.0,126.0,31.0,10,Time series analysis means analyzing and finding patterns in a time series dataset. A time-series dataset is a sequence of data collected over an interval of time. Here you will learn how to do Time Series Analysis using Python.,#timeseries #time #statistics #datascience #bigdata #machinelearning #python #ai #timeseriesanalysis #datavisualization #dataanalytics #data #iot #analysis #timeseriesmalaysia #artificialintelligence #analytics #amankharwal #thecleverprogrammer
3052.0,2608.0,201.0,121.0,87,63,5,14.0,129.0,14.0,2,Here are all the programming languages that Google uses in the Front-end and the back-end of Google.,#programming #coding #programmer #python #developer #javascript #technology #code #coder #java #html #computerscience #tech #css #webdeveloper #software #webdevelopment #codinglife #softwaredeveloper #linux #programmingmemes #webdesign #programmers #php #programminglife #machinelearning #hacking #pythonprogramming #thecleverprogrammer #amankharwal
4628.0,2406.0,1260.0,861.0,26,144,8,3.0,160.0,10.0,4,"Deep Learning is a subset of machine learning. If you want to become a machine learning engineer, you should know everything about deep learning. If you are looking for some of the best free resources to learn deep learning then here are the two best free resources to learn deep learning.",#deeplearning #machinelearning #artificialintelligence #datascience #ai #python #coding #technology #programming #bigdata #dataanalytics #datascientist #data #computerscience #tech #neuralnetwork #amankharwal #thecleverprogrammer
4082.0,2195.0,1248.0,541.0,36,135,11,5.0,175.0,19.0,6,Deep learning is a subset of machine learning in which we use artificial neural networks to train models to solve complex problems where we need a large amount of data compared to other machine learning algorithms. Here are some of the best deep learning project ideas that you must try.,#deeplearning #machinelearning #artificialintelligence #datascience #ai #python #coding #technology #programming #bigdata #dataanalytics #datascientist #data #computerscience #tech #neuralnetwork #amankharwal #thecleverprogrammer
5394.0,2275.0,2975.0,45.0,65,61,14,6.0,147.0,69.0,6,"You must have heard or invested in any cryptocurrency once in your life. It is a digital medium of exchange that is encrypted and decentralized. If you want to know how to predict the future prices of any cryptocurrency with machine learning, this will help you. Here you will learn how to predict the future prices of bitcoin with machine learning using Python.",#data #datascience #dataanalysis #dataanalytics #datascientist #machinelearning #python #pythonprogramming #pythonprojects #pythoncode #artificialintelligence #ai #deeplearning #machinelearningprojects #datascienceprojects #amankharwal #thecleverprogrammer #bitcoin #cryptocurrency
2766.0,2541.0,116.0,51.0,9,40,10,4.0,114.0,11.0,6,Here are all the programming languages that Facebook uses in the Front-end and the back-end of Facebook.,#programming #coding #programmer #python #developer #javascript #technology #code #coder #java #html #computerscience #tech #css #webdeveloper #software #webdevelopment #codinglife #softwaredeveloper #linux #programmingmemes #webdesign #programmers #php #programminglife #machinelearning #hacking #pythonprogramming #thecleverprogrammer #amankharwal
3924.0,2244.0,1278.0,326.0,34,139,11,3.0,151.0,19.0,2,Here are some of the most popular data science case studies and projects that every data science beginner should try. You can find these case studies and projects with solutions at Kaggle.,#data #datascience #dataanalysis #dataanalytics #datascientist #machinelearning #python #pythonprogramming #pythonprojects #pythoncode #artificialintelligence #ai #deeplearning #algorithm #algorithms #machinelearningalgorithms #ml #amankharwal #thecleverprogrammer #projects #casestudies
3015.0,2034.0,771.0,115.0,41,52,11,4.0,92.0,9.0,2,Heres how Amazon uses your data as an e-commerce platform. I hope this post will help you to understand how Amazon is using data science to improve the quality of its services.,#data #datascience #dataanalysis #dataanalytics #datascientist #machinelearning #python #pythonprogramming #pythonprojects #pythoncode #artificialintelligence #ai #deeplearning #machinelearningprojects #datascienceprojects #amankharwal #thecleverprogrammer #machinelearningmodels #zomato #business #casestudy #businessmodel #amazonfinds
5409.0,2643.0,2006.0,1068.0,230,325,10,27.0,275.0,38.0,14,"Here is a complete roadmap to data science that you can follow to learn data science from scratch. All the resources to learn from are also mentioned here. Swipe>>, Save, and Share.",#data #datascience #dataanalysis #dataanalytics #datascientist #machinelearning #python #pythonprogramming #pythonprojects #pythoncode #artificialintelligence #ai #deeplearning #machinelearningprojects #datascienceprojects #amankharwal #thecleverprogrammer #roadmap
5323.0,2000.0,2053.0,988.0,74,152,6,13.0,192.0,42.0,8,"If you are looking for some trending and unique topics for working on a data science project, then here are some data science project ideas based on trending and unique topics that you can try.",#data #datascience #dataanalysis #dataanalytics #datascientist #machinelearning #python #pythonprogramming #pythonprojects #pythoncode #artificialintelligence #ai #deeplearning #machinelearningprojects #datascienceprojects #amankharwal #thecleverprogrammer
8001.0,2261.0,4819.75,300.0,172,83,8,7.0,203.0,82.5,14,"Many countries are supporting Ukraine by introducing economic sanctions on Russia. There are a lot of tweets about the Ukraine and Russia war where people tend to update about the ground truths, what they feel about it, and who they are supporting. Here you will learn to analyze the sentiments of people over the Ukraine and Russian War. Learn how to perform twitter sentiment analysis on Ukraine and Russia War using Python from the link in bio.",#data #datascience #dataanalysis #dataanalytics #datascientist #machinelearning #python #pythonprogramming #pythonprojects #pythoncode #artificialintelligence #ai #deeplearning #sentimentanalysis #sentiment #nlp #naturallanguageprocessing #amankharwal #thecleverprogrammer #ukraine
4150.0,1807.0,1085.0,463.0,433,74,4,2.0,145.0,75.0,28,"Each company has its ways of creating an OTP for verification, but most of the companies have their systems programmed to generate a 6-digit random number. So here you will learn the complete process of OTP verification using Python.",#python #pythonprogramming #pythonprojects #pythoncode #pythonlearning #pythondeveloper #pythoncoding #pythonprogrammer #amankharwal #thecleverprogrammer #pythonprojects #otp #otpverification
4609.0,2032.0,911.0,857.0,433,94,1,12.0,168.0,21.0,18,Here are the real world applications of Python in the industry.,#python #pythonprogramming #pythonprojects #pythoncode #pythonlearning #pythondeveloper #pythoncoding #pythonprogrammer #amankharwal #thecleverprogrammer #coding #programming #computerscience #datascience #webdevelopment #machinelearning
6348.0,2517.0,2660.0,737.0,154,188,4,15.0,194.0,26.0,12,"If you are a Data Science student, you must have found it hard to choose a topic for creating your first data science project as a beginner. Some universities give a list that you can choose from, while some universities give complete freedom to the students to choose any topic. So how should you choose a topic for a data science project? Here is a complete guide on how to choose a topic for a data science project.",#data #datascience #dataanalysis #dataanalytics #datascientist #machinelearning #python #pythonprogramming #pythonprojects #pythoncode #artificialintelligence #ai #deeplearning #machinelearningprojects #datascienceprojects #amankharwal #thecleverprogrammer
10144.5,2099.0,2986.0,1487.5,122,214,7,8.0,250.0,39.0,34,Here are some of the best data science project ideas based on Social Media that you should try in 2022.,#data #datascience #dataanalysis #dataanalytics #datascientist #machinelearning #python #pythonprogramming #pythonprojects #pythoncode #artificialintelligence #ai #deeplearning #machinelearningprojects #datascienceprojects #amankharwal #thecleverprogrammer
7231.0,1855.0,4156.0,703.0,309,73,8,3.0,171.0,74.0,26,"I have been researching Instagram reach for a long time now. Every time I post on my Instagram account, I collect data on how well the post reach after a week. That helps in understanding how Instagram's algorithm is working. Here you will learn how to perform Instagram Reach Analysis and predict the reach of your Instagram posts with machine learning using Python.",#data #datascience #dataanalysis #dataanalytics #datascientist #machinelearning #python #pythonprogramming #pythonprojects #pythoncode #artificialintelligence #ai #deeplearning #machinelearningprojects #datascienceprojects #amankharwal #thecleverprogrammer #instagram #instagramreach
10144.5,1817.0,4819.75,1487.5,251,285,7,7.0,327.75,82.5,39,Here is a list of 100+ Machine Learning Algorithms and Models explained using Python that will help you to understand the implementation of all the machine learning algorithms and models in solving real-time business problems. You can find this list of 100+ Machine Learning Algorithms and Models from the link in bio.,#machinelearning #machinelearningalgorithms #datascience #dataanalysis #dataanalytics #datascientist #python #pythonprogramming #pythonprojects #pythoncode #artificialintelligence #ai #deeplearning #algorithm #algorithms #amankharwal #thecleverprogrammer
6814.0,2816.0,2769.0,900.0,128,325,8,22.0,249.0,24.0,16,Here are some of the best websites that you can follow to learn everything in data science.,#datascience #datasciencejobs #datasciencetraining #datascienceeducation #datasciencecourse #data #dataanalysis #dataanalytics #datascientist #machinelearning #artificialintelligence #ai #deeplearning #machinelearningprojects #datascienceprojects #amankharwal #thecleverprogrammer
10144.5,2449.0,2141.0,1487.5,433,325,3,23.0,308.0,70.0,39,Here are some of the best resources to learn SQL for data science.,#sql #mysql #datascience #datasciencejobs #datasciencetraining #datascienceeducation #datasciencecourse #data #dataanalysis #dataanalytics #datascientist #machinelearning #artificialintelligence #ai #deeplearning #machinelearningprojects #datascienceprojects #amankharwal #thecleverprogrammer
5563.0,3588.75,362.0,1135.0,76,149,5,8.0,163.0,22.0,20,Here are the best Python libraries for data visualization that you should learn for data science.,#datavisualization #datascience #datasciencejobs #datasciencetraining #datascienceeducation #datasciencecourse #data #dataanalysis #dataanalytics #datascientist #machinelearning #artificialintelligence #ai #deeplearning #machinelearningprojects #datascienceprojects #amankharwal #thecleverprogrammer
4842.0,1658.0,694.0,1487.5,310,55,6,4.0,86.0,46.0,30,Learn how to create an interactive language translator using the Python programming language.,#python #pythonprogramming #pythoncode #pythonlearning #pythondeveloper #pythonprogrammer #pythonprojects #python3 #pythoncoding #pythonprogramminglanguage #amankharwal #thecleverprogrammer #nlp #naturallanguageprocessing
10144.5,3588.75,747.0,1487.5,53,273,4,13.0,210.0,61.0,39,"Python is one of the best programming languages for numerical calculations. So you should know how to calculate mean, median and mode using Python without using any built-in Python library or module. Heres how to calculate mean, median, and mode using Python.",#python #pythonprogramming #pythoncode #pythonlearning #pythondeveloper #pythonprogrammer #pythonprojects #python3 #pythoncoding #pythonprogramminglanguage #amankharwal #thecleverprogrammer
10144.5,2371.0,1624.0,1487.5,117,182,10,17.0,172.0,82.5,39,Practice these 90+ Data Science Projects For Beginners Solved & Explained using Python. Find all these projects from the link in bio.,#datascience #datasciencejobs #datasciencetraining #datascienceeducation #datasciencecourse #data #dataanalysis #dataanalytics #datascientist #machinelearning #artificialintelligence #ai #deeplearning #machinelearningprojects #datascienceprojects #amankharwal #thecleverprogrammer
10144.5,3588.75,3041.0,1487.5,77,325,2,29.25,327.75,73.0,39,Here are some of the best data science certifications that you can choose from in 2022.,#datascience #datasciencejobs #datasciencetraining #datascienceeducation #datasciencecourse #data #dataanalysis #dataanalytics #datascientist #machinelearning #artificialintelligence #ai #deeplearning #machinelearningprojects #datascienceprojects #amankharwal #thecleverprogrammer
5731.0,1923.0,1368.0,1487.5,65,135,4,1.0,148.0,20.0,18,"Clustering is a machine learning technique used to classify data points, charaterized by some specific features into groups. It is an unsupervised machine learning method where the data we deal with is not labelled. Here are some of the best Machine Learning project ideas on Clustering that you should try.",#machinelearning #machinelearningalgorithms #datascience #dataanalysis #dataanalytics #datascientist #python #pythonprogramming #pythonprojects #pythoncode #artificialintelligence #ai #deeplearning #algorithm #algorithms #amankharwal #thecleverprogrammer #clustering
4139.0,1133.0,1538.0,1367.0,33,36,0,1.0,92.0,34.0,10,Clustering music genres is a task of grouping music based on the similarities in their audio characteristics. Here you will learn how to do clustering analysis of music genres with Machine Learning using Python.,#machinelearning #machinelearningalgorithms #datascience #dataanalysis #dataanalytics #datascientist #python #pythonprogramming #pythonprojects #pythoncode #artificialintelligence #ai #deeplearning #algorithm #algorithms #amankharwal #thecleverprogrammer #clustering
10144.5,3588.75,3147.0,1487.5,170,325,2,29.25,327.75,82.5,39,Here are some of the best data science certifications that you can choose from in 2022.,#datascience #datasciencejobs #datasciencetraining #datascienceeducation #datasciencecourse #data #dataanalysis #dataanalytics #datascientist #machinelearning #artificialintelligence #ai #deeplearning #machinelearningprojects #datascienceprojects #amankharwal #thecleverprogrammer
10144.5,3588.75,4176.0,1487.5,433,325,5,26.0,327.75,82.5,39,175 Python Projects with Source Code solved and explained for free: Link in Bio,#python #pythonprogramming #pythonprojects #pythoncode #pythonlearning #pythondeveloper #pythoncoding #pythonprogrammer #amankharwal #thecleverprogrammer #pythonprojects
